{"a":[1,0,0.03287680027521128,0.0319596210258352],"ph":[28.988484384636863,85.46774208682267,129.23620232409309,596.212810754722],"k":0.06474385130344851,"sigma":4,"thHigh":0.512644935879668,"thLow":0.8414445128616933}